,Expenditure,2005,2006,2007,2008,2009,2010,2011,2012,2013,2014,2015,2016
0,Total National Health Expenditures,"2,023,744","2,156,158",2295307.0,2399121.0,2495414.0,2598823.0,2689349.0,2797260.0,2879008.0,3026157.0,3200815.0,3337248.0
1,     Out of pocket,"263,815","273,254",290000.0,295184.0,293723.0,299742.0,309973.0,318330.0,325189.0,330068.0,339315.0,352537.0
2,     Health Insurance,"1,414,078","1,517,387",1609250.0,1695968.0,1796424.0,1876922.0,1950187.0,2022904.0,2087804.0,2228136.0,2382770.0,2486842.0
3,          Private Health Insurance,"701,176","737,122",776176.0,802857.0,832906.0,864344.0,898631.0,928211.0,946398.0,999940.0,1068778.0,1123372.0
4,          Medicare,"339,762","403,690",432751.0,466971.0,498859.0,519787.0,544679.0,569634.0,590163.0,618889.0,648808.0,672093.0
5,          Medicaid (Title XIX),"309,275","306,584",325746.0,344214.0,374421.0,397226.0,406744.0,422688.0,445361.0,496645.0,544073.0,565550.0
6,                          Federal  ,"177,461","173,879",185485.0,203084.0,247326.0,266360.0,247125.0,243251.0,256907.0,305106.0,343123.0,358095.0
7,                          State and Local,"131,814","132,705",140261.0,141129.0,127094.0,130865.0,159619.0,179438.0,188454.0,191540.0,200951.0,207454.0
8,          CHIP (Title XIX and Title XXI),"7,566","8,366",9117.0,10210.0,11106.0,11540.0,11990.0,12629.0,13509.0,13215.0,14853.0,16883.0
9,                          Federal  ,"5,254","5,756",6316.0,7126.0,7812.0,8052.0,8377.0,8780.0,9362.0,9217.0,11106.0,15309.0
10,                          State and Local,"2,313","2,610",2801.0,3084.0,3293.0,3489.0,3613.0,3848.0,4146.0,3998.0,3747.0,1573.0
11,         Department of Defense,"26,496","29,765",32262.0,34031.0,36670.0,38301.0,39973.0,39984.0,39534.0,41517.0,41569.0,41496.0
12,         Department of Veterans Affairs,"29,802","31,861",33198.0,37686.0,42463.0,45723.0,48170.0,49758.0,52840.0,57931.0,64688.0,67449.0
13,     Other Third Party Payers and Programs,"168,875","179,468",191693.0,188399.0,192136.0,203808.0,205424.0,225353.0,234571.0,238802.0,243323.0,258263.0
14,         Worksite Health Care,"4,282","4,388",4543.0,4540.0,4569.0,4702.0,4894.0,5163.0,5357.0,5689.0,6153.0,6742.0
15,         Other Private Revenues,"70,655","79,488",89648.0,85546.0,91047.0,99063.0,98066.0,114059.0,118477.0,120119.0,122364.0,133207.0
16,         Indian Health Services ,"2,439","2,535",2569.0,2721.0,3087.0,3469.0,3520.0,3657.0,3577.0,3721.0,3745.0,3937.0
17,         Workers' Compensation,"41,534","41,775",41334.0,40042.0,36232.0,37001.0,38824.0,41981.0,44585.0,46927.0,47653.0,50661.0
18,         General Assistance,"6,195","6,721",6928.0,7146.0,7169.0,7084.0,6682.0,6423.0,6697.0,6900.0,6807.0,6195.0
19,         Maternal/Child Health,"3,436","3,334",3763.0,4147.0,3947.0,3913.0,3674.0,3422.0,3549.0,3809.0,3990.0,4174.0
20,                          Federal  ,622,598,600.0,594.0,591.0,591.0,583.0,562.0,545.0,569.0,571.0,570.0
21,                          State and Local,"2,815","2,736",3163.0,3552.0,3356.0,3322.0,3091.0,2860.0,3004.0,3240.0,3419.0,3604.0
22,         Vocational Rehabilitation,461,498,497.0,489.0,518.0,558.0,552.0,530.0,523.0,526.0,536.0,545.0
23,                          Federal  ,355,377,373.0,374.0,398.0,435.0,432.0,411.0,405.0,406.0,413.0,420.0
24,                          State and Local,106,121,124.0,115.0,120.0,122.0,120.0,119.0,118.0,120.0,123.0,125.0
25,         Other Federal Programs*,"6,363","6,421",6721.0,6923.0,7299.0,7737.0,9559.0,11576.0,12961.0,12187.0,12533.0,12397.0
26,         SAMHSA,"3,219","3,153",3166.0,3206.0,3309.0,3385.0,3448.0,3420.0,3284.0,3495.0,3501.0,3657.0
27,         Other State and Local Programs**,"26,929","27,586",28631.0,29549.0,30757.0,32605.0,31924.0,30801.0,31144.0,30817.0,31223.0,31762.0
28,         School Health,"3,363","3,569",3895.0,4089.0,4201.0,4293.0,4282.0,4321.0,4416.0,4612.0,4819.0,4984.0
29,     Public Health Activity,"57,252","60,892",65969.0,71564.0,74167.0,75612.0,74294.0,77443.0,78301.0,79439.0,81709.0,82187.0
30,                          Federal  ,"9,169","9,513",9696.0,9880.0,11995.0,14185.0,10729.0,10846.0,10333.0,10838.0,11263.0,12134.0
31,                          State and Local,"48,083","51,378",56273.0,61684.0,62172.0,61428.0,63565.0,66597.0,67968.0,68601.0,70446.0,70053.0
32,     Investment,"119,725","125,157",138395.0,148006.0,138964.0,142739.0,149471.0,153230.0,153143.0,149712.0,153698.0,157418.0
33,         Research,"40,319","41,163",42576.0,44278.0,45372.0,49212.0,49658.0,48448.0,46639.0,45888.0,46451.0,47670.0
34,         Structures & Equipment,"79,406","83,994",95818.0,103728.0,93592.0,93527.0,99813.0,104782.0,106505.0,103823.0,107247.0,109748.0
35,"Total CMS Programs (Medicaid, CHIP and Medicare)","656,603","718,639",767613.0,821394.0,884386.0,928553.0,963412.0,1004951.0,1049032.0,1128749.0,1207734.0,1254525.0
36,POPULATION,295,298,301.0,304.0,306.0,309.0,311.0,313.0,316.0,318.0,320.0,322.0
37,Health Consumption Expenditures,"1,904,019","2,031,001",2156912.0,2251114.0,2356450.0,2456085.0,2539878.0,2644030.0,2725865.0,2876445.0,3047118.0,3179830.0
38,     Out of pocket,"263,815","273,254",290000.0,295184.0,293723.0,299742.0,309973.0,318330.0,325189.0,330068.0,339315.0,352537.0
39,     Health Insurance,"1,414,078","1,517,387",1609250.0,1695968.0,1796424.0,1876922.0,1950187.0,2022904.0,2087804.0,2228136.0,2382770.0,2486842.0
40,          Private Health Insurance,"701,176","737,122",776176.0,802857.0,832906.0,864344.0,898631.0,928211.0,946398.0,999940.0,1068778.0,1123372.0
41,          Medicare,"339,762","403,690",432751.0,466971.0,498859.0,519787.0,544679.0,569634.0,590163.0,618889.0,648808.0,672093.0
42,          Medicaid (Title XIX),"309,275","306,584",325746.0,344214.0,374421.0,397226.0,406744.0,422688.0,445361.0,496645.0,544073.0,565550.0
43,                          Federal  ,"177,461","173,879",185485.0,203084.0,247326.0,266360.0,247125.0,243251.0,256907.0,305106.0,343123.0,358095.0
44,                          State and Local,"131,814","132,705",140261.0,141129.0,127094.0,130865.0,159619.0,179438.0,188454.0,191540.0,200951.0,207454.0
45,          CHIP (Title XIX and Title XXI),"7,566","8,366",9117.0,10210.0,11106.0,11540.0,11990.0,12629.0,13509.0,13215.0,14853.0,16883.0
46,                          Federal  ,"5,254","5,756",6316.0,7126.0,7812.0,8052.0,8377.0,8780.0,9362.0,9217.0,11106.0,15309.0
47,                          State and Local,"2,313","2,610",2801.0,3084.0,3293.0,3489.0,3613.0,3848.0,4146.0,3998.0,3747.0,1573.0
48,         Department of Defense,"26,496","29,765",32262.0,34031.0,36670.0,38301.0,39973.0,39984.0,39534.0,41517.0,41569.0,41496.0
49,         Department of Veterans Affairs,"29,802","31,861",33198.0,37686.0,42463.0,45723.0,48170.0,49758.0,52840.0,57931.0,64688.0,67449.0
50,     Other Third Party Payers and Programs,"168,875","179,468",191693.0,188399.0,192136.0,203808.0,205424.0,225353.0,234571.0,238802.0,243323.0,258263.0
51,         Worksite Health Care,"4,282","4,388",4543.0,4540.0,4569.0,4702.0,4894.0,5163.0,5357.0,5689.0,6153.0,6742.0
52,         Other Private Revenues,"70,655","79,488",89648.0,85546.0,91047.0,99063.0,98066.0,114059.0,118477.0,120119.0,122364.0,133207.0
53,         Indian Health Services ,"2,439","2,535",2569.0,2721.0,3087.0,3469.0,3520.0,3657.0,3577.0,3721.0,3745.0,3937.0
54,         Workers' Compensation,"41,534","41,775",41334.0,40042.0,36232.0,37001.0,38824.0,41981.0,44585.0,46927.0,47653.0,50661.0
55,         General Assistance,"6,195","6,721",6928.0,7146.0,7169.0,7084.0,6682.0,6423.0,6697.0,6900.0,6807.0,6195.0
56,         Maternal/Child Health,"3,436","3,334",3763.0,4147.0,3947.0,3913.0,3674.0,3422.0,3549.0,3809.0,3990.0,4174.0
57,                          Federal  ,622,598,600.0,594.0,591.0,591.0,583.0,562.0,545.0,569.0,571.0,570.0
58,                          State and Local,"2,815","2,736",3163.0,3552.0,3356.0,3322.0,3091.0,2860.0,3004.0,3240.0,3419.0,3604.0
59,         Vocational Rehabilitation,461,498,497.0,489.0,518.0,558.0,552.0,530.0,523.0,526.0,536.0,545.0
60,                          Federal  ,355,377,373.0,374.0,398.0,435.0,432.0,411.0,405.0,406.0,413.0,420.0
61,                          State and Local,106,121,124.0,115.0,120.0,122.0,120.0,119.0,118.0,120.0,123.0,125.0
62,         Other Federal Programs*,"6,363","6,421",6721.0,6923.0,7299.0,7737.0,9559.0,11576.0,12961.0,12187.0,12533.0,12397.0
63,         SAMHSA,"3,219","3,153",3166.0,3206.0,3309.0,3385.0,3448.0,3420.0,3284.0,3495.0,3501.0,3657.0
64,         Other State and Local Programs**,"26,929","27,586",28631.0,29549.0,30757.0,32605.0,31924.0,30801.0,31144.0,30817.0,31223.0,31762.0
65,         School Health,"3,363","3,569",3895.0,4089.0,4201.0,4293.0,4282.0,4321.0,4416.0,4612.0,4819.0,4984.0
66,     Public Health Activity,"57,252","60,892",65969.0,71564.0,74167.0,75612.0,74294.0,77443.0,78301.0,79439.0,81709.0,82187.0
67,                          Federal  ,"9,169","9,513",9696.0,9880.0,11995.0,14185.0,10729.0,10846.0,10333.0,10838.0,11263.0,12134.0
68,                          State and Local,"48,083","51,378",56273.0,61684.0,62172.0,61428.0,63565.0,66597.0,67968.0,68601.0,70446.0,70053.0
69,"Total CMS Programs (Medicaid, CHIP and Medicare)","656,603","718,639",767613.0,821394.0,884386.0,928553.0,963412.0,1004951.0,1049032.0,1128749.0,1207734.0,1254525.0
70,Personal Health Care,"1,695,727","1,804,285",1918436.0,2010660.0,2114571.0,2196023.0,2273972.0,2366946.0,2436714.0,2560211.0,2715542.0,2833991.0
71,     Out of pocket,"263,815","273,254",290000.0,295184.0,293723.0,299742.0,309973.0,318330.0,325189.0,330068.0,339315.0,352537.0
72,     Health Insurance,"1,278,766","1,367,713",1451726.0,1538416.0,1636940.0,1700975.0,1767632.0,1835839.0,1892711.0,2009156.0,2151449.0,2243869.0
73,          Private Health Insurance,"604,392","635,853",671404.0,700841.0,734737.0,755888.0,787187.0,815193.0,830607.0,874606.0,943318.0,993767.0
74,          Medicare,"326,278","382,297",408710.0,442014.0,470318.0,489070.0,511926.0,534947.0,554864.0,580968.0,607127.0,625279.0
75,          Medicaid (Title XIX),"287,581","283,315",301109.0,317838.0,346191.0,365751.0,373891.0,388421.0,406410.0,446271.0,485761.0,505223.0
76,                          Federal  ,"165,454","161,510",171852.0,188295.0,230601.0,247262.0,228186.0,223868.0,234663.0,274081.0,305810.0,319151.0
77,                          State and Local,"122,127","121,804",129257.0,129543.0,115590.0,118490.0,145704.0,164553.0,171747.0,172190.0,179951.0,186072.0
78,          CHIP (Title XIX and Title XXI),"6,449","7,189",7766.0,8695.0,9533.0,9706.0,10038.0,10701.0,11376.0,10869.0,12197.0,13960.0
79,                          Federal  ,"4,477","4,944",5380.0,6070.0,6713.0,6776.0,7021.0,7445.0,7892.0,7587.0,9106.0,12665.0
80,                          State and Local,"1,971","2,245",2386.0,2625.0,2820.0,2930.0,3017.0,3256.0,3483.0,3282.0,3091.0,1295.0
81,         Department of Defense,"24,479","27,384",29667.0,31407.0,33780.0,34873.0,36452.0,36849.0,36667.0,38547.0,38594.0,38594.0
82,         Department of Veterans Affairs,"29,587","31,677",33070.0,37620.0,42380.0,45687.0,48138.0,49728.0,52787.0,57895.0,64453.0,67047.0
83,     Other Third Party Payers and Programs,"153,147","163,317",176709.0,177061.0,183908.0,195305.0,196367.0,212776.0,218814.0,220986.0,224778.0,237584.0
84,         Worksite Health Care,"4,282","4,388",4543.0,4540.0,4569.0,4702.0,4894.0,5163.0,5357.0,5689.0,6153.0,6742.0
85,         Other Private Revenues,"70,655","79,488",89648.0,85546.0,91047.0,99063.0,98066.0,114059.0,118477.0,120119.0,122364.0,133207.0
86,         Indian Health Services ,"2,341","2,434",2468.0,2621.0,2973.0,3330.0,3377.0,3502.0,3422.0,3536.0,3548.0,3719.0
87,         Workers' Compensation,"26,329","26,154",26915.0,29269.0,28603.0,29372.0,30987.0,31262.0,31995.0,32089.0,31504.0,31895.0
88,         General Assistance,"6,195","6,721",6928.0,7146.0,7169.0,7084.0,6682.0,6423.0,6697.0,6900.0,6807.0,6195.0
89,         Maternal/Child Health,"3,226","3,131",3529.0,3894.0,3708.0,3674.0,3452.0,3213.0,3332.0,3576.0,3746.0,3920.0
90,                          Federal  ,618,595,597.0,591.0,588.0,587.0,580.0,558.0,541.0,565.0,567.0,567.0
91,                          State and Local,"2,608","2,537",2932.0,3303.0,3120.0,3087.0,2872.0,2655.0,2791.0,3011.0,3179.0,3353.0
92,         Vocational Rehabilitation,411,445,443.0,436.0,461.0,495.0,490.0,470.0,464.0,467.0,476.0,484.0
93,                          Federal  ,317,337,332.0,334.0,354.0,387.0,384.0,365.0,359.0,360.0,366.0,373.0
94,                          State and Local,94,108,110.0,103.0,107.0,108.0,106.0,105.0,105.0,107.0,110.0,111.0
95,         Other Federal Programs*,"6,256","6,306",6606.0,6826.0,7177.0,7366.0,8835.0,10226.0,10309.0,9766.0,10719.0,11108.0
96,         SAMHSA,"3,160","3,094",3105.0,3144.0,3244.0,3321.0,3377.0,3335.0,3199.0,3415.0,3418.0,3568.0
97,         Other State and Local Programs**,"26,929","27,586",28631.0,29549.0,30757.0,32605.0,31924.0,30801.0,31144.0,30817.0,31223.0,31762.0
98,         School Health,"3,363","3,569",3895.0,4089.0,4201.0,4293.0,4282.0,4321.0,4416.0,4612.0,4819.0,4984.0
99,"Total CMS Programs (Medicaid, CHIP and Medicare)","620,308","672,800",717585.0,768547.0,826042.0,864528.0,895855.0,934070.0,972650.0,1038108.0,1105084.0,1144461.0
100,Total Hospital Expenditures,"608,582","651,219",691887.0,725625.0,779600.0,822301.0,851850.0,902539.0,937645.0,978148.0,1033435.0,1082479.0
101,     Out of pocket,"19,703","21,089",22783.0,23617.0,25674.0,27776.0,29297.0,31841.0,33833.0,32876.0,31189.0,32671.0
102,     Health Insurance,"531,598","566,897",599819.0,636263.0,681599.0,713993.0,740844.0,780165.0,808104.0,849330.0,907852.0,951115.0
103,          Private Health Insurance,"215,904","235,582",250498.0,264835.0,285602.0,300586.0,316687.0,337793.0,349472.0,366617.0,400174.0,426671.0
104,          Medicare,"176,395","184,675",193081.0,205470.0,214430.0,220289.0,226888.0,238194.0,246026.0,252935.0,259992.0,267504.0
105,          Medicaid (Title XIX),"103,783","108,835",117182.0,122653.0,133428.0,141752.0,143924.0,149841.0,155750.0,169027.0,183569.0,189824.0
106,                          Federal  ,"60,407","62,180",67214.0,72589.0,88029.0,95210.0,88197.0,86948.0,89798.0,104929.0,118681.0,123129.0
107,                          State and Local,"43,376","46,655",49968.0,50064.0,45399.0,46542.0,55727.0,62894.0,65951.0,64099.0,64888.0,66694.0
108,          CHIP (Title XIX and Title XXI),"2,657","2,350",2634.0,3136.0,3214.0,3169.0,3318.0,3415.0,3481.0,3398.0,3751.0,4466.0
109,                          Federal  ,"1,809","1,600",1800.0,2152.0,2223.0,2182.0,2289.0,2355.0,2400.0,2352.0,2774.0,3932.0
110,                          State and Local,848,750,834.0,984.0,991.0,986.0,1029.0,1060.0,1081.0,1046.0,977.0,534.0
111,         Department of Defense,"12,032","12,884",13716.0,14222.0,15633.0,16537.0,16995.0,16643.0,16506.0,16636.0,15890.0,16899.0
112,         Department of Veterans Affairs,"20,828","22,571",22707.0,25947.0,29291.0,31661.0,33032.0,34279.0,36869.0,40717.0,44476.0,45752.0
113,     Other Third Party Payers and Programs,"57,281","63,232",69285.0,65745.0,72326.0,80532.0,81710.0,90533.0,95708.0,95942.0,94394.0,98693.0
114,         Worksite Health Care, -   , -   ,0.0,0.0,0.0,0.0,0.0,0.0,0.0,0.0,0.0,0.0
115,         Other Private Revenues,"26,789","31,550",36051.0,30702.0,36640.0,42840.0,43661.0,52383.0,56271.0,57378.0,55153.0,58908.0
116,         Indian Health Services ,"1,221","1,274",1290.0,1363.0,1568.0,1767.0,1792.0,1871.0,1834.0,1893.0,1894.0,1975.0
117,         Workers' Compensation,"11,400","11,607",11960.0,13206.0,13317.0,14008.0,14834.0,15267.0,15867.0,16095.0,16007.0,16106.0
118,         General Assistance,"1,730","1,936",2160.0,2371.0,2161.0,2276.0,2486.0,2644.0,3088.0,3234.0,3233.0,2869.0
119,         Maternal/Child Health,285,283,320.0,355.0,338.0,338.0,320.0,304.0,319.0,336.0,353.0,367.0
120,                          Federal  ,56,55,55.0,55.0,55.0,55.0,55.0,54.0,53.0,54.0,54.0,54.0
121,                          State and Local,229,228,265.0,300.0,283.0,282.0,265.0,250.0,266.0,281.0,298.0,313.0
122,         Vocational Rehabilitation,116,131,118.0,108.0,118.0,133.0,131.0,117.0,118.0,121.0,128.0,134.0
123,                          Federal  ,89,99,89.0,82.0,90.0,104.0,103.0,91.0,91.0,93.0,98.0,103.0
124,                          State and Local,27,31,29.0,25.0,28.0,29.0,28.0,26.0,27.0,28.0,30.0,31.0
125,         Other Federal Programs*,"1,220","1,281",1282.0,1277.0,1342.0,1331.0,1719.0,2385.0,2311.0,1516.0,1455.0,1532.0
126,         SAMHSA,163,162,162.0,162.0,167.0,158.0,145.0,175.0,166.0,176.0,176.0,180.0
127,         Other State and Local Programs**,"14,357","15,009",15942.0,16202.0,16675.0,17680.0,16622.0,15386.0,15735.0,15194.0,15994.0,16621.0
128,         School Health, -   , -   ,0.0,0.0,0.0,0.0,0.0,0.0,0.0,0.0,0.0,0.0
129,"Total CMS Programs (Medicaid, CHIP and Medicare)","282,835","295,860",312897.0,331259.0,351072.0,365210.0,374130.0,391450.0,405257.0,425360.0,447312.0,461794.0
130,Total Physician and Clinical Expenditures,"413,003","434,722",457512.0,481878.0,497679.0,512573.0,535861.0,557115.0,569569.0,595718.0,631037.0,664882.0
131,     Out of pocket,"41,689","43,366",45421.0,46832.0,45427.0,48747.0,51650.0,51988.0,53463.0,54410.0,56479.0,58913.0
132,     Health Insurance,"325,570","343,435",361229.0,382242.0,400878.0,411136.0,431568.0,447861.0,458393.0,484176.0,513868.0,539763.0
133,          Private Health Insurance,"197,889","206,115",215697.0,224300.0,228614.0,231156.0,241700.0,249238.0,249851.0,257350.0,271575.0,287254.0
134,          Medicare,"85,587","91,356",95963.0,103803.0,112004.0,115756.0,122199.0,128129.0,132029.0,137905.0,144430.0,149964.0
135,          Medicaid (Title XIX),"30,073","31,779",33525.0,35913.0,40164.0,43259.0,45185.0,46974.0,52016.0,63375.0,69680.0,72564.0
136,                          Federal  ,"17,977","18,911",19793.0,22155.0,27753.0,30146.0,28632.0,28626.0,32390.0,43825.0,48847.0,51114.0
137,                          State and Local,"12,096","12,868",13733.0,13758.0,12411.0,13113.0,16554.0,18348.0,19626.0,19549.0,20833.0,21451.0
138,          CHIP (Title XIX and Title XXI),"1,653","2,518",2638.0,2746.0,2973.0,3064.0,3046.0,3202.0,3534.0,3193.0,3528.0,3911.0
139,                          Federal  ,"1,158","1,717",1823.0,1906.0,2070.0,2121.0,2117.0,2224.0,2459.0,2233.0,2629.0,3562.0
140,                          State and Local,494,801,815.0,840.0,903.0,943.0,929.0,979.0,1076.0,960.0,899.0,349.0
141,         Department of Defense,"7,866","8,967",10022.0,11175.0,11822.0,12122.0,13069.0,13751.0,13746.0,14429.0,14718.0,15198.0
142,         Department of Veterans Affairs,"2,503","2,700",3383.0,4305.0,5302.0,5779.0,6369.0,6567.0,7217.0,7924.0,9938.0,10871.0
143,     Other Third Party Payers and Programs,"45,745","47,921",50862.0,52804.0,51374.0,52690.0,52643.0,57267.0,57713.0,57132.0,60689.0,66206.0
144,         Worksite Health Care, -   , -   ,0.0,0.0,0.0,0.0,0.0,0.0,0.0,0.0,0.0,0.0
145,         Other Private Revenues,"28,425","30,812",33129.0,34112.0,33119.0,34190.0,32732.0,36857.0,37100.0,36132.0,39197.0,44059.0
146,         Indian Health Services ,680,701,709.0,748.0,838.0,941.0,958.0,987.0,959.0,997.0,1001.0,1050.0
147,         Workers' Compensation,"12,546","12,266",12563.0,13240.0,12551.0,12572.0,13239.0,13159.0,13239.0,13015.0,12592.0,12887.0
148,         General Assistance,638,696,790.0,917.0,993.0,978.0,979.0,967.0,866.0,871.0,762.0,771.0
149,         Maternal/Child Health,187,182,199.0,216.0,199.0,195.0,188.0,176.0,179.0,188.0,201.0,209.0
150,                          Federal  ,70,68,68.0,67.0,65.0,64.0,64.0,61.0,59.0,61.0,63.0,63.0
151,                          State and Local,117,114,132.0,149.0,135.0,131.0,124.0,115.0,120.0,128.0,138.0,146.0
152,         Vocational Rehabilitation,220,235,242.0,246.0,256.0,269.0,267.0,264.0,259.0,258.0,258.0,259.0
153,                          Federal  ,170,178,181.0,188.0,197.0,210.0,209.0,205.0,200.0,199.0,199.0,200.0
154,                          State and Local,50,57,61.0,58.0,59.0,59.0,58.0,59.0,58.0,59.0,59.0,59.0
155,         Other Federal Programs*,"1,990","1,982",2188.0,2288.0,2367.0,2533.0,3304.0,3728.0,4030.0,4518.0,5519.0,5763.0
156,         SAMHSA,"1,002",988,983.0,975.0,990.0,951.0,912.0,1062.0,1013.0,1084.0,1087.0,1133.0
157,         Other State and Local Programs**,56,58,59.0,61.0,61.0,62.0,64.0,65.0,67.0,69.0,72.0,75.0
158,         School Health, -   , -   ,0.0,0.0,0.0,0.0,0.0,0.0,0.0,0.0,0.0,0.0
159,"Total CMS Programs (Medicaid, CHIP and Medicare)","117,313","125,653",132126.0,142462.0,155141.0,162079.0,170430.0,178305.0,187579.0,204473.0,217638.0,226439.0
160,Total Dental Services Expenditures,"87,201","91,766",97732.0,102708.0,103097.0,105860.0,107986.0,109700.0,111056.0,113808.0,118857.0,124373.0
161,     Out of pocket,"37,921","39,821",42545.0,44930.0,42815.0,43652.0,45042.0,45677.0,45895.0,46325.0,47885.0,49929.0
162,     Health Insurance,"48,951","51,594",54805.0,57357.0,59794.0,61673.0,62438.0,63502.0,64680.0,67018.0,70511.0,73975.0
163,          Private Health Insurance,"42,833","45,048",47480.0,48863.0,49638.0,50430.0,50869.0,51569.0,52268.0,53438.0,55060.0,57729.0
164,          Medicare,86,103,164.0,221.0,296.0,242.0,294.0,367.0,478.0,408.0,458.0,511.0
165,          Medicaid (Title XIX),"4,572","4,781",5211.0,6227.0,7638.0,8401.0,8459.0,8581.0,8817.0,9915.0,11492.0,12122.0
166,                          Federal  ,"2,624","2,738",2997.0,3742.0,5179.0,5789.0,5204.0,4986.0,5109.0,6175.0,7596.0,8041.0
167,                          State and Local,"1,948","2,044",2214.0,2485.0,2459.0,2612.0,3255.0,3595.0,3708.0,3740.0,3896.0,4081.0
168,          CHIP (Title XIX and Title XXI),463,488,661.0,702.0,764.0,1039.0,1139.0,1319.0,1503.0,1481.0,1615.0,1829.0
169,                          Federal  ,331,348,471.0,502.0,544.0,726.0,796.0,921.0,1034.0,1014.0,1204.0,1680.0
170,                          State and Local,132,141,190.0,200.0,220.0,313.0,343.0,398.0,469.0,467.0,412.0,149.0
171,         Department of Defense,952,"1,105",1226.0,1278.0,1381.0,1488.0,1596.0,1590.0,1516.0,1654.0,1694.0,1583.0
172,         Department of Veterans Affairs,44,68,62.0,65.0,77.0,73.0,80.0,75.0,99.0,121.0,191.0,200.0
173,     Other Third Party Payers and Programs,329,351,382.0,422.0,487.0,535.0,506.0,522.0,480.0,465.0,461.0,470.0
174,         Worksite Health Care, -   , -   ,0.0,0.0,0.0,0.0,0.0,0.0,0.0,0.0,0.0,0.0
175,         Other Private Revenues,56,61,64.0,71.0,78.0,78.0,78.0,93.0,77.0,73.0,74.0,85.0
176,         Indian Health Services ,133,143,146.0,157.0,174.0,189.0,192.0,200.0,198.0,205.0,207.0,214.0
177,         Workers' Compensation, -   , -   ,0.0,0.0,0.0,0.0,0.0,0.0,0.0,0.0,0.0,0.0
178,         General Assistance,105,113,134.0,154.0,198.0,231.0,195.0,178.0,155.0,153.0,147.0,136.0
179,         Maternal/Child Health,35,34,38.0,41.0,37.0,36.0,34.0,31.0,32.0,32.0,33.0,34.0
180,                          Federal  ,12,12,12.0,12.0,11.0,11.0,11.0,10.0,10.0,10.0,9.0,9.0
181,                          State and Local,23,22,26.0,29.0,26.0,25.0,24.0,21.0,22.0,23.0,24.0,25.0
182,         Vocational Rehabilitation, -   , -   ,0.0,0.0,0.0,0.0,0.0,0.0,0.0,0.0,0.0,0.0
183,                          Federal  , -   , -   ,0.0,0.0,0.0,0.0,0.0,0.0,0.0,0.0,0.0,0.0
184,                          State and Local, -   , -   ,0.0,0.0,0.0,0.0,0.0,0.0,0.0,0.0,0.0,0.0
185,         Other Federal Programs*, -   , -   ,0.0,0.0,0.0,0.0,8.0,20.0,19.0,2.0,0.0,0.0
186,         SAMHSA, -   , -   ,0.0,0.0,0.0,0.0,0.0,0.0,0.0,0.0,0.0,0.0
187,         Other State and Local Programs**, -   , -   ,0.0,0.0,0.0,0.0,0.0,0.0,0.0,0.0,0.0,0.0
188,         School Health, -   , -   ,0.0,0.0,0.0,0.0,0.0,0.0,0.0,0.0,0.0,0.0
189,"Total CMS Programs (Medicaid, CHIP and Medicare)","5,121","5,372",6036.0,7150.0,8698.0,9682.0,9892.0,10267.0,10798.0,11804.0,13565.0,14462.0
190,Total Other Professional Services Expenditures,"52,795","55,264",60055.0,64486.0,67037.0,69889.0,72794.0,76429.0,78742.0,82960.0,87849.0,91980.0
191,     Out of pocket,"14,190","14,820",16189.0,17184.0,17294.0,17975.0,18630.0,19422.0,19817.0,20963.0,21983.0,22854.0
192,     Health Insurance,"33,175","34,883",37773.0,40881.0,43353.0,45279.0,47429.0,49992.0,52007.0,54939.0,58714.0,61776.0
193,          Private Health Insurance,"20,376","21,203",23140.0,24384.0,24541.0,25414.0,26553.0,27884.0,28184.0,28824.0,30146.0,31576.0
194,          Medicare,"9,449","10,212",10957.0,12383.0,13763.0,14537.0,15677.0,16892.0,18211.0,19616.0,21306.0,22582.0
195,          Medicaid (Title XIX),"3,229","3,295",3524.0,3951.0,4874.0,5160.0,4994.0,4989.0,5359.0,6250.0,6971.0,7263.0
196,                          Federal  ,"1,834","1,875",2024.0,2397.0,3293.0,3572.0,3098.0,2900.0,3089.0,3924.0,4517.0,4745.0
197,                          State and Local,"1,395","1,420",1500.0,1554.0,1581.0,1588.0,1896.0,2089.0,2270.0,2326.0,2454.0,2518.0
198,          CHIP (Title XIX and Title XXI),121,173,153.0,163.0,175.0,168.0,205.0,227.0,253.0,250.0,291.0,355.0
199,                          Federal  ,84,118,106.0,115.0,123.0,119.0,144.0,159.0,175.0,177.0,219.0,328.0
200,                          State and Local,37,55,47.0,49.0,52.0,49.0,61.0,68.0,78.0,73.0,72.0,27.0
201,         Department of Defense, -   , -   ,0.0,0.0,0.0,0.0,0.0,0.0,0.0,0.0,0.0,0.0
202,         Department of Veterans Affairs, -   , -   ,0.0,0.0,0.0,0.0,0.0,0.0,0.0,0.0,0.0,0.0
203,     Other Third Party Payers and Programs,"5,430","5,561",6092.0,6421.0,6390.0,6636.0,6734.0,7015.0,6917.0,7058.0,7152.0,7350.0
204,         Worksite Health Care, -   , -   ,0.0,0.0,0.0,0.0,0.0,0.0,0.0,0.0,0.0,0.0
205,         Other Private Revenues,"3,290","3,467",3798.0,3920.0,4009.0,4237.0,4291.0,4565.0,4380.0,4535.0,4654.0,4829.0
206,         Indian Health Services , -   , -   ,0.0,0.0,0.0,0.0,0.0,0.0,0.0,0.0,0.0,0.0
207,         Workers' Compensation,"1,233","1,202",1271.0,1407.0,1341.0,1381.0,1455.0,1466.0,1491.0,1486.0,1426.0,1418.0
208,         General Assistance,82,92,109.0,67.0,77.0,65.0,43.0,39.0,71.0,87.0,85.0,72.0
209,         Maternal/Child Health,818,792,907.0,1019.0,955.0,943.0,900.0,850.0,881.0,931.0,978.0,1021.0
210,                          Federal  ,205,196,201.0,203.0,200.0,199.0,199.0,193.0,188.0,194.0,195.0,195.0
211,                          State and Local,613,596,706.0,816.0,755.0,743.0,701.0,656.0,693.0,736.0,783.0,826.0
212,         Vocational Rehabilitation, -   , -   ,0.0,0.0,0.0,0.0,0.0,0.0,0.0,0.0,0.0,0.0
213,                          Federal  , -   , -   ,0.0,0.0,0.0,0.0,0.0,0.0,0.0,0.0,0.0,0.0
214,                          State and Local, -   , -   ,0.0,0.0,0.0,0.0,0.0,0.0,0.0,0.0,0.0,0.0
215,         Other Federal Programs*, -   , -   ,0.0,0.0,0.0,1.0,36.0,88.0,85.0,11.0,0.0,0.0
216,         SAMHSA, -   , -   ,0.0,0.0,0.0,0.0,0.0,0.0,0.0,0.0,0.0,0.0
217,         Other State and Local Programs**,7,7,7.0,8.0,8.0,8.0,8.0,9.0,9.0,9.0,9.0,10.0
218,         School Health, -   , -   ,0.0,0.0,0.0,0.0,0.0,0.0,0.0,0.0,0.0,0.0
219,"Total CMS Programs (Medicaid, CHIP and Medicare)","12,799","13,680",14634.0,16497.0,18812.0,19865.0,20876.0,22108.0,23823.0,26116.0,28568.0,30200.0
220,Total Home Health Care Expenditures,"49,343","52,052",57475.0,62339.0,67705.0,71595.0,74613.0,78085.0,80502.0,83957.0,88816.0,92364.0
221,     Out of pocket,"6,475","5,806",5640.0,5811.0,5773.0,6019.0,6888.0,7212.0,7403.0,7767.0,8008.0,8052.0
222,     Health Insurance,"40,014","43,770",49347.0,54135.0,59677.0,63326.0,65369.0,68333.0,70556.0,73775.0,78366.0,81712.0
223,          Private Health Insurance,"6,639","5,530",5263.0,5153.0,5103.0,5311.0,5752.0,6826.0,7792.0,8799.0,9377.0,9641.0
224,          Medicare,"18,208","21,060",24264.0,27052.0,30280.0,31721.0,32149.0,33371.0,33675.0,34347.0,35824.0,37376.0
225,          Medicaid (Title XIX),"14,907","16,905",19590.0,21646.0,23979.0,25936.0,27079.0,27735.0,28661.0,30164.0,32486.0,33981.0
226,                          Federal  ,"8,066","9,145",10606.0,12276.0,15644.0,17143.0,15896.0,15214.0,15796.0,17073.0,18581.0,19638.0
227,                          State and Local,"6,841","7,760",8984.0,9370.0,8335.0,8793.0,11182.0,12520.0,12864.0,13091.0,13904.0,14343.0
228,          CHIP (Title XIX and Title XXI),14,13,15.0,15.0,15.0,19.0,24.0,26.0,33.0,37.0,49.0,62.0
229,                          Federal  ,10,9,11.0,11.0,11.0,13.0,17.0,19.0,23.0,26.0,36.0,54.0
230,                          State and Local,4,4,5.0,5.0,4.0,5.0,7.0,8.0,10.0,11.0,12.0,9.0
231,         Department of Defense, -   , -   ,0.0,0.0,0.0,0.0,0.0,0.0,0.0,0.0,0.0,0.0
232,         Department of Veterans Affairs,245,262,215.0,268.0,300.0,339.0,366.0,375.0,396.0,429.0,631.0,652.0
233,     Other Third Party Payers and Programs,"2,855","2,477",2487.0,2392.0,2254.0,2250.0,2356.0,2540.0,2543.0,2415.0,2442.0,2600.0
234,         Worksite Health Care, -   , -   ,0.0,0.0,0.0,0.0,0.0,0.0,0.0,0.0,0.0,0.0
235,         Other Private Revenues,"1,293","1,101",1070.0,1035.0,987.0,1003.0,1036.0,1133.0,1229.0,1234.0,1264.0,1360.0
236,         Indian Health Services , -   , -   ,0.0,0.0,0.0,0.0,0.0,0.0,0.0,0.0,0.0,0.0
237,         Workers' Compensation, -   , -   ,0.0,0.0,0.0,0.0,0.0,0.0,0.0,0.0,0.0,0.0
238,         General Assistance,91,117,156.0,142.0,183.0,197.0,203.0,240.0,256.0,209.0,297.0,322.0
239,         Maternal/Child Health, -   , -   ,0.0,0.0,0.0,0.0,0.0,0.0,0.0,0.0,0.0,0.0
240,                          Federal  , -   , -   ,0.0,0.0,0.0,0.0,0.0,0.0,0.0,0.0,0.0,0.0
241,                          State and Local, -   , -   ,0.0,0.0,0.0,0.0,0.0,0.0,0.0,0.0,0.0,0.0
242,         Vocational Rehabilitation, -   , -   ,0.0,0.0,0.0,0.0,0.0,0.0,0.0,0.0,0.0,0.0
243,                          Federal  , -   , -   ,0.0,0.0,0.0,0.0,0.0,0.0,0.0,0.0,0.0,0.0
244,                          State and Local, -   , -   ,0.0,0.0,0.0,0.0,0.0,0.0,0.0,0.0,0.0,0.0
245,         Other Federal Programs*, -   , -   ,0.0,0.0,0.0,1.0,25.0,61.0,59.0,8.0,0.0,0.0
246,         SAMHSA, -   , -   ,0.0,0.0,0.0,0.0,0.0,0.0,0.0,0.0,0.0,0.0
247,         Other State and Local Programs**,"1,470","1,259",1261.0,1215.0,1084.0,1050.0,1092.0,1106.0,999.0,964.0,881.0,918.0
248,         School Health, -   , -   ,0.0,0.0,0.0,0.0,0.0,0.0,0.0,0.0,0.0,0.0
249,"Total CMS Programs (Medicaid, CHIP and Medicare)","33,129","37,978",43869.0,48713.0,54274.0,57676.0,59252.0,61132.0,62369.0,64548.0,68359.0,71419.0
250,Other Non-Durable Medical Products Expenditures,"40,805","43,733",47752.0,49472.0,50328.0,51246.0,52825.0,53733.0,55672.0,56995.0,59590.0,62201.0
251,     Out of pocket,"38,663","41,436",45212.0,46754.0,47532.0,48235.0,49695.0,50458.0,52955.0,54712.0,57313.0,60151.0
252,     Health Insurance,"2,142","2,297",2540.0,2718.0,2796.0,3011.0,3128.0,3273.0,2715.0,2284.0,2277.0,2050.0
253,          Private Health Insurance, -   , -   ,0.0,0.0,0.0,0.0,0.0,0.0,0.0,0.0,0.0,0.0
254,          Medicare,"2,142","2,297",2540.0,2718.0,2796.0,3011.0,3128.0,3273.0,2715.0,2284.0,2277.0,2050.0
255,          Medicaid (Title XIX), -   , -   ,0.0,0.0,0.0,0.0,0.0,0.0,0.0,0.0,0.0,0.0
256,                          Federal  , -   , -   ,0.0,0.0,0.0,0.0,0.0,0.0,0.0,0.0,0.0,0.0
257,                          State and Local, -   , -   ,0.0,0.0,0.0,0.0,0.0,0.0,0.0,0.0,0.0,0.0
258,          CHIP (Title XIX and Title XXI), -   , -   ,0.0,0.0,0.0,0.0,0.0,0.0,0.0,0.0,0.0,0.0
259,                          Federal  , -   , -   ,0.0,0.0,0.0,0.0,0.0,0.0,0.0,0.0,0.0,0.0
260,                          State and Local, -   , -   ,0.0,0.0,0.0,0.0,0.0,0.0,0.0,0.0,0.0,0.0
261,         Department of Defense, -   , -   ,0.0,0.0,0.0,0.0,0.0,0.0,0.0,0.0,0.0,0.0
262,         Department of Veterans Affairs, -   , -   ,0.0,0.0,0.0,0.0,0.0,0.0,0.0,0.0,0.0,0.0
263,     Other Third Party Payers and Programs, -   , -   ,0.0,0.0,0.0,0.0,1.0,2.0,2.0,0.0,0.0,0.0
264,         Worksite Health Care, -   , -   ,0.0,0.0,0.0,0.0,0.0,0.0,0.0,0.0,0.0,0.0
265,         Other Private Revenues, -   , -   ,0.0,0.0,0.0,0.0,0.0,0.0,0.0,0.0,0.0,0.0
266,         Indian Health Services , -   , -   ,0.0,0.0,0.0,0.0,0.0,0.0,0.0,0.0,0.0,0.0
267,         Workers' Compensation, -   , -   ,0.0,0.0,0.0,0.0,0.0,0.0,0.0,0.0,0.0,0.0
268,         General Assistance, -   , -   ,0.0,0.0,0.0,0.0,0.0,0.0,0.0,0.0,0.0,0.0
269,         Maternal/Child Health, -   , -   ,0.0,0.0,0.0,0.0,0.0,0.0,0.0,0.0,0.0,0.0
270,                          Federal  , -   , -   ,0.0,0.0,0.0,0.0,0.0,0.0,0.0,0.0,0.0,0.0
271,                          State and Local, -   , -   ,0.0,0.0,0.0,0.0,0.0,0.0,0.0,0.0,0.0,0.0
272,         Vocational Rehabilitation, -   , -   ,0.0,0.0,0.0,0.0,0.0,0.0,0.0,0.0,0.0,0.0
273,                          Federal  , -   , -   ,0.0,0.0,0.0,0.0,0.0,0.0,0.0,0.0,0.0,0.0
274,                          State and Local, -   , -   ,0.0,0.0,0.0,0.0,0.0,0.0,0.0,0.0,0.0,0.0
275,         Other Federal Programs*, -   , -   ,0.0,0.0,0.0,0.0,1.0,2.0,2.0,0.0,0.0,0.0
276,         SAMHSA, -   , -   ,0.0,0.0,0.0,0.0,0.0,0.0,0.0,0.0,0.0,0.0
277,         Other State and Local Programs**, -   , -   ,0.0,0.0,0.0,0.0,0.0,0.0,0.0,0.0,0.0,0.0
278,         School Health, -   , -   ,0.0,0.0,0.0,0.0,0.0,0.0,0.0,0.0,0.0,0.0
279,"Total CMS Programs (Medicaid, CHIP and Medicare)","2,142","2,297",2540.0,2718.0,2796.0,3011.0,3128.0,3273.0,2715.0,2284.0,2277.0,2050.0
280,Total Prescription Drug Expenditures,"205,156","224,109",235678.0,241490.0,252748.0,253080.0,258771.0,259193.0,265202.0,297986.0,324522.0,328588.0
281,     Out of pocket,"51,323","51,213",52158.0,49615.0,49072.0,45218.0,45234.0,45077.0,43544.0,44773.0,45468.0,45032.0
282,     Health Insurance,"149,969","168,894",179795.0,188275.0,200215.0,204509.0,210709.0,211569.0,219270.0,251208.0,277112.0,281682.0
283,          Private Health Insurance,"102,122","101,990",106907.0,109750.0,116189.0,116057.0,117014.0,112916.0,113605.0,128122.0,141490.0,142617.0
284,          Medicare,"3,931","39,638",45954.0,50644.0,54542.0,58944.0,63349.0,67554.0,74063.0,84897.0,92787.0,95393.0
285,          Medicaid (Title XIX),"36,530","19,109",18334.0,19226.0,20340.0,20412.0,20953.0,21591.0,22434.0,27955.0,31694.0,33445.0
286,                          Federal  ,"20,966","10,953",10560.0,11481.0,13594.0,13789.0,12512.0,11801.0,12357.0,17989.0,21005.0,22137.0
287,                          State and Local,"15,564","8,156",7775.0,7744.0,6747.0,6623.0,8440.0,9790.0,10078.0,9966.0,10689.0,11308.0
288,          CHIP (Title XIX and Title XXI),"1,053",977,993.0,1162.0,1363.0,1407.0,1441.0,1524.0,1474.0,1382.0,1575.0,1750.0
289,                          Federal  ,747,689,698.0,828.0,976.0,1004.0,1032.0,1065.0,1027.0,993.0,1186.0,1673.0
290,                          State and Local,306,288,295.0,334.0,386.0,403.0,409.0,459.0,447.0,390.0,389.0,77.0
291,         Department of Defense,"3,629","4,427",4704.0,4732.0,4944.0,4726.0,4792.0,4864.0,4899.0,5828.0,6292.0,4913.0
292,         Department of Veterans Affairs,"2,704","2,753",2903.0,2762.0,2837.0,2963.0,3161.0,3119.0,2795.0,3024.0,3275.0,3564.0
293,     Other Third Party Payers and Programs,"3,863","4,002",3724.0,3601.0,3461.0,3353.0,2828.0,2547.0,2388.0,2006.0,1942.0,1873.0
294,         Worksite Health Care, -   , -   ,0.0,0.0,0.0,0.0,0.0,0.0,0.0,0.0,0.0,0.0
295,         Other Private Revenues, -   , -   ,0.0,0.0,0.0,0.0,0.0,0.0,0.0,0.0,0.0,0.0
296,         Indian Health Services ,16,17,18.0,19.0,22.0,26.0,26.0,27.0,27.0,29.0,29.0,30.0
297,         Workers' Compensation,790,737,758.0,807.0,797.0,793.0,807.0,750.0,757.0,819.0,812.0,806.0
298,         General Assistance,"2,974","3,163",2858.0,2680.0,2553.0,2444.0,1784.0,1381.0,1224.0,1034.0,1010.0,943.0
299,         Maternal/Child Health,78,79,85.0,89.0,84.0,80.0,76.0,69.0,70.0,78.0,84.0,87.0
300,                          Federal  ,35,35,35.0,34.0,33.0,32.0,31.0,29.0,28.0,31.0,32.0,32.0
301,                          State and Local,43,44,50.0,56.0,51.0,48.0,45.0,40.0,42.0,48.0,52.0,55.0
302,         Vocational Rehabilitation, -   , -   ,0.0,0.0,0.0,0.0,0.0,0.0,0.0,0.0,0.0,0.0
303,                          Federal  , -   , -   ,0.0,0.0,0.0,0.0,0.0,0.0,0.0,0.0,0.0,0.0
304,                          State and Local, -   , -   ,0.0,0.0,0.0,0.0,0.0,0.0,0.0,0.0,0.0,0.0
305,         Other Federal Programs*, -   , -   ,0.0,0.0,0.0,4.0,130.0,316.0,306.0,39.0,0.0,0.0
306,         SAMHSA, -   , -   ,0.0,0.0,0.0,0.0,0.0,0.0,0.0,0.0,0.0,0.0
307,         Other State and Local Programs**,5,5,6.0,6.0,6.0,6.0,6.0,6.0,6.0,6.0,7.0,7.0
308,         School Health, -   , -   ,0.0,0.0,0.0,0.0,0.0,0.0,0.0,0.0,0.0,0.0
309,"Total CMS Programs (Medicaid, CHIP and Medicare)","41,514","59,724",65281.0,71032.0,76245.0,80763.0,85743.0,90669.0,97971.0,114234.0,126056.0,130588.0
310,Total Durable Medical Equipment Expenditures,"32,364","34,409",37073.0,37678.0,37813.0,39925.0,42259.0,43679.0,45062.0,46678.0,48573.0,50952.0
311,     Out of pocket,"16,815","17,487",18938.0,18198.0,18055.0,19517.0,21276.0,21983.0,22951.0,22878.0,23234.0,24848.0
312,     Health Insurance,"15,017","16,403",17578.0,18674.0,18957.0,19578.0,20120.0,20858.0,21251.0,22935.0,24483.0,25236.0
313,          Private Health Insurance,"5,221","5,694",6460.0,6496.0,6814.0,7069.0,7388.0,7313.0,7611.0,8488.0,9074.0,9932.0
314,          Medicare,"6,435","6,886",7017.0,7892.0,7488.0,7506.0,7531.0,8080.0,7790.0,7778.0,7961.0,7476.0
315,          Medicaid (Title XIX),"3,295","3,761",4015.0,4202.0,4579.0,4916.0,5097.0,5345.0,5717.0,6545.0,7312.0,7653.0
316,                          Federal  ,"1,947","2,194",2353.0,2537.0,3111.0,3462.0,3247.0,3221.0,3452.0,4225.0,4850.0,5114.0
317,                          State and Local,"1,348","1,566",1662.0,1665.0,1468.0,1454.0,1850.0,2124.0,2265.0,2319.0,2462.0,2539.0
318,          CHIP (Title XIX and Title XXI),65,62,86.0,85.0,76.0,88.0,104.0,119.0,133.0,124.0,136.0,174.0
319,                          Federal  ,48,45,62.0,63.0,56.0,64.0,76.0,87.0,96.0,90.0,107.0,161.0
320,                          State and Local,18,17,24.0,22.0,20.0,24.0,28.0,33.0,37.0,34.0,29.0,13.0
321,         Department of Defense, -   , -   ,0.0,0.0,0.0,0.0,0.0,0.0,0.0,0.0,0.0,0.0
322,         Department of Veterans Affairs, -   , -   ,0.0,0.0,0.0,0.0,0.0,0.0,0.0,0.0,0.0,0.0
323,     Other Third Party Payers and Programs,532,519,557.0,805.0,801.0,830.0,864.0,839.0,860.0,865.0,856.0,869.0
324,         Worksite Health Care, -   , -   ,0.0,0.0,0.0,0.0,0.0,0.0,0.0,0.0,0.0,0.0
325,         Other Private Revenues, -   , -   ,0.0,0.0,0.0,0.0,0.0,0.0,0.0,0.0,0.0,0.0
326,         Indian Health Services ,6,6,6.0,6.0,7.0,9.0,9.0,10.0,9.0,9.0,9.0,9.0
327,         Workers' Compensation,360,342,362.0,609.0,596.0,617.0,651.0,620.0,642.0,674.0,668.0,677.0
328,         General Assistance,31,31,40.0,36.0,42.0,41.0,30.0,24.0,24.0,23.0,21.0,20.0
329,         Maternal/Child Health,59,57,64.0,68.0,66.0,66.0,64.0,60.0,62.0,64.0,65.0,68.0
330,                          Federal  ,17,16,16.0,16.0,16.0,16.0,16.0,16.0,15.0,15.0,15.0,15.0
331,                          State and Local,42,41,48.0,52.0,50.0,50.0,48.0,44.0,46.0,49.0,50.0,53.0
332,         Vocational Rehabilitation,75,80,83.0,83.0,87.0,94.0,93.0,89.0,88.0,88.0,90.0,91.0
333,                          Federal  ,58,60,62.0,63.0,67.0,73.0,73.0,69.0,68.0,68.0,69.0,70.0
334,                          State and Local,17,20,21.0,19.0,20.0,20.0,20.0,20.0,20.0,20.0,21.0,21.0
335,         Other Federal Programs*, -   , -   ,0.0,0.0,0.0,0.0,14.0,34.0,33.0,4.0,0.0,0.0
336,         SAMHSA, -   , -   ,0.0,0.0,0.0,0.0,0.0,0.0,0.0,0.0,0.0,0.0
337,         Other State and Local Programs**,2,3,3.0,3.0,3.0,3.0,3.0,3.0,3.0,3.0,3.0,3.0
338,         School Health, -   , -   ,0.0,0.0,0.0,0.0,0.0,0.0,0.0,0.0,0.0,0.0
339,"Total CMS Programs (Medicaid, CHIP and Medicare)","9,795","10,709",11118.0,12179.0,12143.0,12510.0,12732.0,13544.0,13640.0,14447.0,15409.0,15303.0
340,Total Nursing Care Facilities and Continuing Care Retirement Communities,"111,436","115,929",124936.0,130458.0,135212.0,140488.0,145364.0,147370.0,149039.0,152398.0,158096.0,162685.0
341,     Out of pocket,"32,506","33,580",36457.0,37451.0,37002.0,37504.0,37150.0,39154.0,39347.0,39563.0,41437.0,43778.0
342,     Health Insurance,"71,796","74,727",79189.0,84603.0,89409.0,93373.0,98669.0,97682.0,98983.0,101651.0,105537.0,107333.0
343,          Private Health Insurance,"7,139","7,989",8719.0,9309.0,9877.0,10726.0,10969.0,11583.0,11672.0,12232.0,13979.0,14809.0
344,          Medicare,"20,537","22,358",24839.0,27606.0,30141.0,32289.0,35763.0,33998.0,34734.0,35610.0,37040.0,37477.0
345,          Medicaid (Title XIX),"41,341","41,563",42341.0,44039.0,45483.0,46307.0,47622.0,47700.0,48076.0,49069.0,49521.0,49991.0
346,                          Federal  ,"23,353","23,445",23898.0,25852.0,30314.0,31397.0,28975.0,27280.0,27485.0,28106.0,28452.0,28778.0
347,                          State and Local,"17,987","18,117",18443.0,18187.0,15169.0,14910.0,18646.0,20419.0,20591.0,20962.0,21069.0,21213.0
348,          CHIP (Title XIX and Title XXI),4,5,2.0,5.0,4.0,5.0,7.0,8.0,11.0,9.0,11.0,14.0
349,                          Federal  ,3,3,1.0,3.0,3.0,4.0,5.0,5.0,7.0,6.0,8.0,13.0
350,                          State and Local,1,1,1.0,2.0,1.0,2.0,2.0,2.0,3.0,3.0,2.0,1.0
351,         Department of Defense, -   , -   ,0.0,0.0,0.0,0.0,0.0,0.0,0.0,0.0,0.0,0.0
352,         Department of Veterans Affairs,"2,775","2,813",3288.0,3645.0,3903.0,4046.0,4307.0,4395.0,4491.0,4731.0,4985.0,5042.0
353,     Other Third Party Payers and Programs,"7,133","7,622",9290.0,8403.0,8802.0,9611.0,9545.0,10534.0,10709.0,11185.0,11122.0,11574.0
354,         Worksite Health Care, -   , -   ,0.0,0.0,0.0,0.0,0.0,0.0,0.0,0.0,0.0,0.0
355,         Other Private Revenues,"4,815","5,034",6488.0,5625.0,5867.0,6407.0,6315.0,7213.0,7388.0,7846.0,7773.0,8289.0
356,         Indian Health Services , -   , -   ,0.0,0.0,0.0,0.0,0.0,0.0,0.0,0.0,0.0,0.0
357,         Workers' Compensation, -   , -   ,0.0,0.0,0.0,0.0,0.0,0.0,0.0,0.0,0.0,0.0
358,         General Assistance,310,363,433.0,335.0,338.0,344.0,330.0,406.0,437.0,477.0,465.0,403.0
359,         Maternal/Child Health, -   , -   ,0.0,0.0,0.0,0.0,0.0,0.0,0.0,0.0,0.0,0.0
360,                          Federal  , -   , -   ,0.0,0.0,0.0,0.0,0.0,0.0,0.0,0.0,0.0,0.0
361,                          State and Local, -   , -   ,0.0,0.0,0.0,0.0,0.0,0.0,0.0,0.0,0.0,0.0
362,         Vocational Rehabilitation, -   , -   ,0.0,0.0,0.0,0.0,0.0,0.0,0.0,0.0,0.0,0.0
363,                          Federal  , -   , -   ,0.0,0.0,0.0,0.0,0.0,0.0,0.0,0.0,0.0,0.0
364,                          State and Local, -   , -   ,0.0,0.0,0.0,0.0,0.0,0.0,0.0,0.0,0.0,0.0
365,         Other Federal Programs*, -   , -   ,0.0,0.0,0.0,0.0,0.0,0.0,0.0,0.0,0.0,0.0
366,         SAMHSA, -   , -   ,0.0,0.0,0.0,0.0,0.0,0.0,0.0,0.0,0.0,0.0
367,         Other State and Local Programs**,"2,009","2,225",2369.0,2443.0,2597.0,2860.0,2900.0,2915.0,2884.0,2861.0,2884.0,2882.0
368,         School Health, -   , -   ,0.0,0.0,0.0,0.0,0.0,0.0,0.0,0.0,0.0,0.0
369,"Total CMS Programs (Medicaid, CHIP and Medicare)","61,882","63,926",67182.0,71650.0,75628.0,78601.0,83392.0,81706.0,82821.0,84688.0,86572.0,87482.0
370,"Total Other Health, Residential, and Personal Care Expenditures","95,043","101,082",108335.0,114526.0,123354.0,129066.0,131650.0,139103.0,144226.0,151561.0,164767.0,173486.0
371,     Out of pocket,"4,529","4,636",4658.0,4791.0,5080.0,5101.0,5111.0,5519.0,5981.0,5803.0,6317.0,6310.0
372,     Health Insurance,"60,535","64,813",69650.0,73266.0,80261.0,85098.0,87359.0,92606.0,96751.0,101840.0,112730.0,119227.0
373,          Private Health Insurance,"6,270","6,701",7240.0,7752.0,8359.0,9138.0,10254.0,10072.0,10152.0,10736.0,12444.0,13538.0
374,          Medicare,"3,509","3,711",3930.0,4226.0,4577.0,4776.0,4948.0,5089.0,5143.0,5189.0,5051.0,4944.0
375,          Medicaid (Title XIX),"49,851","53,287",57386.0,59981.0,65706.0,69609.0,70579.0,75665.0,79581.0,83971.0,93037.0,98379.0
376,                          Federal  ,"28,281","30,070",32407.0,35265.0,43684.0,46754.0,42425.0,42892.0,45187.0,47834.0,53281.0,56455.0
377,                          State and Local,"21,570","23,217",24978.0,24716.0,22022.0,22855.0,28153.0,32773.0,34394.0,36137.0,39756.0,41924.0
378,          CHIP (Title XIX and Title XXI),417,605,583.0,680.0,949.0,749.0,754.0,861.0,953.0,996.0,1242.0,1398.0
379,                          Federal  ,287,416,407.0,490.0,707.0,544.0,545.0,611.0,670.0,697.0,943.0,1263.0
380,                          State and Local,130,188,176.0,190.0,242.0,205.0,209.0,250.0,283.0,299.0,299.0,136.0
381,         Department of Defense, -   , -   ,0.0,0.0,0.0,0.0,0.0,0.0,0.0,0.0,0.0,0.0
382,         Department of Veterans Affairs,487,510,511.0,627.0,670.0,826.0,824.0,919.0,921.0,948.0,957.0,968.0
383,     Other Third Party Payers and Programs,"29,978","31,633",34028.0,36469.0,38013.0,38867.0,39180.0,40978.0,41494.0,43918.0,45720.0,47950.0
384,         Worksite Health Care,"4,282","4,388",4543.0,4540.0,4569.0,4702.0,4894.0,5163.0,5357.0,5689.0,6153.0,6742.0
385,         Other Private Revenues,"5,988","7,462",9047.0,10081.0,10346.0,10308.0,9954.0,11815.0,12031.0,12921.0,14249.0,15676.0
386,         Indian Health Services ,284,293,299.0,329.0,363.0,398.0,401.0,407.0,396.0,403.0,408.0,440.0
387,         Workers' Compensation, -   , -   ,0.0,0.0,0.0,0.0,0.0,0.0,0.0,0.0,0.0,0.0
388,         General Assistance,234,210,248.0,444.0,624.0,507.0,632.0,544.0,577.0,813.0,787.0,659.0
389,         Maternal/Child Health,"1,764","1,703",1915.0,2106.0,2029.0,2017.0,1870.0,1724.0,1790.0,1947.0,2032.0,2134.0
390,                          Federal  ,223,213,210.0,205.0,209.0,210.0,205.0,195.0,189.0,200.0,199.0,199.0
391,                          State and Local,"1,541","1,491",1705.0,1901.0,1820.0,1807.0,1665.0,1528.0,1601.0,1747.0,1834.0,1935.0
392,         Vocational Rehabilitation, -   , -   ,0.0,0.0,0.0,0.0,0.0,0.0,0.0,0.0,0.0,0.0
393,                          Federal  , -   , -   ,0.0,0.0,0.0,0.0,0.0,0.0,0.0,0.0,0.0,0.0
394,                          State and Local, -   , -   ,0.0,0.0,0.0,0.0,0.0,0.0,0.0,0.0,0.0,0.0
395,         Other Federal Programs*,"3,046","3,044",3136.0,3261.0,3468.0,3495.0,3599.0,3594.0,3465.0,3668.0,3744.0,3814.0
396,         SAMHSA,"1,995","1,944",1960.0,2007.0,2088.0,2212.0,2320.0,2098.0,2019.0,2155.0,2155.0,2254.0
397,         Other State and Local Programs**,"9,023","9,020",8985.0,9612.0,10324.0,10936.0,11229.0,11312.0,11442.0,11711.0,11372.0,11247.0
398,         School Health,"3,363","3,569",3895.0,4089.0,4201.0,4293.0,4282.0,4321.0,4416.0,4612.0,4819.0,4984.0
399,"Total CMS Programs (Medicaid, CHIP and Medicare)","53,777","57,603",61899.0,64887.0,71232.0,75134.0,76281.0,81615.0,85677.0,90156.0,99330.0,104721.0
400,Total Administration and Total Net Cost of Health Insurance Expenditures,"151,040","165,824",172508.0,168890.0,167712.0,184449.0,191611.0,199642.0,210850.0,236796.0,249866.0,263652.0
401,     Out of pocket, -   , -   ,0.0,0.0,0.0,0.0,0.0,0.0,0.0,0.0,0.0,0.0
402,     Health Insurance,"135,312","149,674",157524.0,157552.0,159485.0,175946.0,182554.0,187065.0,195093.0,218980.0,231321.0,242973.0
403,          Private Health Insurance,"96,784","101,269",104772.0,102016.0,98169.0,108456.0,111444.0,113018.0,115791.0,125333.0,125460.0,129605.0
404,          Medicare,"13,484","21,393",24041.0,24957.0,28541.0,30717.0,32752.0,34687.0,35299.0,37921.0,41681.0,46814.0
405,          Medicaid (Title XIX),"21,694","23,269",24637.0,26376.0,28230.0,31474.0,32853.0,34267.0,38951.0,50375.0,58312.0,60327.0
406,                          Federal  ,"12,007","12,368",13633.0,14789.0,16726.0,19099.0,18938.0,19382.0,22244.0,31024.0,37313.0,38944.0
407,                          State and Local,"9,687","10,901",11004.0,11586.0,11504.0,12375.0,13915.0,14885.0,16707.0,19350.0,20999.0,21383.0
408,          CHIP (Title XIX and Title XXI),"1,117","1,177",1350.0,1514.0,1573.0,1834.0,1952.0,1927.0,2133.0,2345.0,2657.0,2923.0
409,                          Federal  ,776,812,936.0,1055.0,1099.0,1276.0,1355.0,1335.0,1470.0,1630.0,2001.0,2645.0
410,                          State and Local,341,365,415.0,459.0,473.0,558.0,596.0,592.0,663.0,715.0,656.0,278.0
411,         Department of Defense,"2,017","2,381",2595.0,2624.0,2890.0,3429.0,3521.0,3135.0,2867.0,2969.0,2976.0,2903.0
412,         Department of Veterans Affairs,215,184,128.0,66.0,82.0,36.0,32.0,31.0,53.0,36.0,235.0,402.0
413,     Other Third Party Payers and Programs,"15,729","16,151",14984.0,11338.0,8227.0,8503.0,9057.0,12576.0,15757.0,17816.0,18546.0,20679.0
414,         Worksite Health Care, -   , -   ,0.0,0.0,0.0,0.0,0.0,0.0,0.0,0.0,0.0,0.0
415,         Other Private Revenues, -   , -   ,0.0,0.0,0.0,0.0,0.0,0.0,0.0,0.0,0.0,0.0
416,         Indian Health Services ,98,101,101.0,100.0,114.0,139.0,143.0,155.0,155.0,185.0,196.0,218.0
417,         Workers' Compensation,"15,205","15,620",14419.0,10773.0,7630.0,7629.0,7837.0,10719.0,12590.0,14837.0,16149.0,18766.0
418,         General Assistance, -   , -   ,0.0,0.0,0.0,0.0,0.0,0.0,0.0,0.0,0.0,0.0
419,         Maternal/Child Health,210,202,234.0,252.0,239.0,238.0,222.0,208.0,217.0,233.0,243.0,255.0
420,                          Federal  ,4,4,4.0,4.0,4.0,4.0,3.0,3.0,3.0,3.0,3.0,3.0
421,                          State and Local,206,199,230.0,249.0,236.0,234.0,218.0,205.0,214.0,229.0,240.0,251.0
422,         Vocational Rehabilitation,50,53,54.0,53.0,58.0,62.0,62.0,60.0,59.0,59.0,60.0,61.0
423,                          Federal  ,38,40,41.0,40.0,44.0,48.0,48.0,46.0,46.0,46.0,46.0,47.0
424,                          State and Local,11,13,13.0,12.0,13.0,14.0,13.0,13.0,13.0,14.0,14.0,14.0
425,         Other Federal Programs*,107,115,114.0,98.0,122.0,371.0,724.0,1350.0,2652.0,2421.0,1815.0,1289.0
426,         SAMHSA,58,59,62.0,62.0,65.0,64.0,70.0,85.0,85.0,80.0,82.0,89.0
427,         Other State and Local Programs**, -   , -   ,0.0,0.0,0.0,0.0,0.0,0.0,0.0,0.0,0.0,0.0
428,         School Health, -   , -   ,0.0,0.0,0.0,0.0,0.0,0.0,0.0,0.0,0.0,0.0
429,"Total CMS Programs (Medicaid, CHIP and Medicare)","36,295","45,839",50028.0,52847.0,58344.0,64025.0,67557.0,70881.0,76383.0,90641.0,102650.0,110064.0
430,State and Local  Administration Expenditures,"10,537","10,576",9821.0,9373.0,9001.0,8413.0,8913.0,9061.0,10276.0,11614.0,11894.0,12297.0
431,     Out of pocket,,,,,,,,,,,,
432,     Health Insurance,"6,916","7,824",7737.0,8140.0,8384.0,8290.0,8634.0,8527.0,8948.0,9530.0,9733.0,9815.0
433,          Private Health Insurance,,,,,,,,,,,,
434,          Medicare,,,,,,,,,,,,
435,          Medicaid (Title XIX),"6,739","7,649",7530.0,7916.0,8159.0,8049.0,8360.0,8232.0,8607.0,9158.0,9395.0,9666.0
436,                          Federal  ,,,,,,,,,,,,
437,                          State and Local,"6,739","7,649",7530.0,7916.0,8159.0,8049.0,8360.0,8232.0,8607.0,9158.0,9395.0,9666.0
438,          CHIP (Title XIX and Title XXI),177,175,207.0,224.0,225.0,240.0,274.0,295.0,341.0,372.0,337.0,148.0
439,                          Federal  ,,,,,,,,,,,,
440,                          State and Local,177,175,207.0,224.0,225.0,240.0,274.0,295.0,341.0,372.0,337.0,148.0
441,         Department of Defense,,,,,,,,,,,,
442,         Department of Veterans Affairs,,,,,,,,,,,,
443,     Other Third Party Payers and Programs,"3,621","2,752",2083.0,1233.0,618.0,123.0,279.0,534.0,1329.0,2083.0,2161.0,2483.0
444,         Worksite Health Care,,,,,,,,,,,,
445,         Other Private Revenues,,,,,,,,,,,,
446,         Indian Health Services ,,,,,,,,,,,,
447,         Workers' Compensation,"3,403","2,540",1840.0,972.0,368.0,-125.0,47.0,315.0,1102.0,1840.0,1907.0,2218.0
448,         General Assistance,,,,,,,,,,,,
449,         Maternal/Child Health,206,199,230.0,249.0,236.0,234.0,218.0,205.0,214.0,229.0,240.0,251.0
450,                          Federal  ,,,,,,,,,,,,
451,                          State and Local,206,199,230.0,249.0,236.0,234.0,218.0,205.0,214.0,229.0,240.0,251.0
452,         Vocational Rehabilitation,11,13,13.0,12.0,13.0,14.0,13.0,13.0,13.0,14.0,14.0,14.0
453,                          Federal  ,,,,,,,,,,,,
454,                          State and Local,11,13,13.0,12.0,13.0,14.0,13.0,13.0,13.0,14.0,14.0,14.0
455,         Other Federal Programs*,,,,,,,,,,,,
456,         SAMHSA,,,,,,,,,,,,
457,         Other State and Local Programs**, -   , -   ,0.0,0.0,0.0,0.0,0.0,0.0,0.0,0.0,0.0,0.0
458,         School Health,,,,,,,,,,,,
459,"Total CMS Programs (Medicaid, CHIP and Medicare)","6,916","7,824",7737.0,8140.0,8384.0,8289.0,8634.0,8527.0,8948.0,9530.0,9732.0,9814.0
460,Federal Administration Expenditures,"17,607","18,090",19251.0,19785.0,20542.0,21602.0,23546.0,24699.0,26587.0,29368.0,30248.0,31537.0
461,     Out of pocket,,,,,,,,,,,,
462,     Health Insurance,"17,264","17,730",18880.0,19430.0,20134.0,20898.0,22476.0,23000.0,23615.0,26544.0,27992.0,29767.0
463,          Private Health Insurance,,,,,,,,,,,,
464,          Medicare,"6,494","6,673",6680.0,6873.0,6974.0,7310.0,8229.0,8856.0,8580.0,9537.0,9905.0,10494.0
465,          Medicaid (Title XIX),"8,131","8,095",9004.0,9346.0,9655.0,9552.0,10062.0,10303.0,11357.0,13155.0,13841.0,14583.0
466,                          Federal  ,"8,131","8,095",9004.0,9346.0,9655.0,9552.0,10062.0,10303.0,11357.0,13155.0,13841.0,14583.0
467,                          State and Local,,,,,,,,,,,,
468,          CHIP (Title XIX and Title XXI),407,396,473.0,523.0,534.0,570.0,633.0,675.0,758.0,847.0,1035.0,1386.0
469,                          Federal  ,407,396,473.0,523.0,534.0,570.0,633.0,675.0,758.0,847.0,1035.0,1386.0
470,                          State and Local,,,,,,,,,,,,
471,         Department of Defense,"2,017","2,381",2595.0,2624.0,2890.0,3429.0,3521.0,3135.0,2867.0,2969.0,2976.0,2903.0
472,         Department of Veterans Affairs,215,184,128.0,66.0,82.0,36.0,32.0,31.0,53.0,36.0,235.0,402.0
473,     Other Third Party Payers and Programs,343,360,371.0,354.0,408.0,704.0,1070.0,1699.0,2972.0,2824.0,2256.0,1770.0
474,         Worksite Health Care,,,,,,,,,,,,
475,         Other Private Revenues,,,,,,,,,,,,
476,         Indian Health Services ,98,101,101.0,100.0,114.0,139.0,143.0,155.0,155.0,185.0,196.0,218.0
477,         Workers' Compensation,38,41,49.0,51.0,59.0,80.0,91.0,100.0,102.0,103.0,113.0,122.0
478,         General Assistance,,,,,,,,,,,,
479,         Maternal/Child Health,4,4,4.0,4.0,4.0,4.0,3.0,3.0,3.0,3.0,3.0,3.0
480,                          Federal  ,4,4,4.0,4.0,4.0,4.0,3.0,3.0,3.0,3.0,3.0,3.0
481,                          State and Local,,,,,,,,,,,,
482,         Vocational Rehabilitation,38,40,41.0,40.0,44.0,48.0,48.0,46.0,46.0,46.0,46.0,47.0
483,                          Federal  ,38,40,41.0,40.0,44.0,48.0,48.0,46.0,46.0,46.0,46.0,47.0
484,                          State and Local,,,,,,,,,,,,
485,         Other Federal Programs*,107,115,114.0,98.0,122.0,369.0,714.0,1310.0,2581.0,2407.0,1815.0,1289.0
486,         SAMHSA,58,59,62.0,62.0,65.0,64.0,70.0,85.0,85.0,80.0,82.0,89.0
487,         Other State and Local Programs**,,,,,,,,,,,,
488,         School Health,,,,,,,,,,,,
489,"Total CMS Programs (Medicaid, CHIP and Medicare)","15,032","15,164",16157.0,16742.0,17163.0,17432.0,18924.0,19834.0,20695.0,23539.0,24781.0,26463.0
490,Net Cost of Health Insurance Expenditures,"122,896","137,158",143436.0,139733.0,138169.0,154435.0,159152.0,165882.0,173987.0,195814.0,207725.0,219817.0
491,     Out of pocket,,,,,,,,,,,,
492,     Health Insurance,"111,132","124,119",130906.0,129982.0,130967.0,146759.0,151444.0,155538.0,162531.0,182905.0,193596.0,203391.0
493,          Private Health Insurance,"96,784","101,269",104772.0,102016.0,98169.0,108456.0,111444.0,113018.0,115791.0,125333.0,125460.0,129605.0
494,          Medicare,"6,990","14,720",17361.0,18085.0,21567.0,23407.0,24524.0,25831.0,26719.0,28385.0,31775.0,36321.0
495,          Medicaid (Title XIX),"6,825","7,525",8103.0,9114.0,10416.0,13873.0,14431.0,15732.0,18987.0,28061.0,35076.0,36077.0
496,                          Federal  ,"3,877","4,273",4629.0,5444.0,7071.0,9547.0,8877.0,9079.0,10887.0,17869.0,23472.0,24360.0
497,                          State and Local,"2,948","3,252",3474.0,3670.0,3346.0,4326.0,5555.0,6652.0,8101.0,10192.0,11604.0,11716.0
498,          CHIP (Title XIX and Title XXI),533,605,670.0,768.0,814.0,1023.0,1045.0,958.0,1034.0,1126.0,1284.0,1389.0
499,                          Federal  ,369,416,463.0,533.0,566.0,705.0,722.0,660.0,712.0,783.0,966.0,1259.0
500,                          State and Local,164,190,207.0,235.0,249.0,318.0,322.0,298.0,322.0,343.0,319.0,130.0
501,         Department of Defense,,,,,,,,,,,,
502,         Department of Veterans Affairs,,,,,,,,,,,,
503,     Other Third Party Payers and Programs,"11,764","13,039",12530.0,9751.0,7202.0,7676.0,7708.0,10344.0,11456.0,12909.0,14129.0,16427.0
504,         Worksite Health Care,,,,,,,,,,,,
505,         Other Private Revenues,,,,,,,,,,,,
506,         Indian Health Services ,,,,,,,,,,,,
507,         Workers' Compensation,"11,764","13,039",12530.0,9751.0,7202.0,7674.0,7698.0,10304.0,11386.0,12894.0,14129.0,16427.0
508,         General Assistance,,,,,,,,,,,,
509,         Maternal/Child Health,,,,,,,,,,,,
510,                          Federal  ,,,,,,,,,,,,
511,                          State and Local,,,,,,,,,,,,
512,         Vocational Rehabilitation,,,,,,,,,,,,
513,                          Federal  ,,,,,,,,,,,,
514,                          State and Local,,,,,,,,,,,,
515,         Other Federal Programs*, -   , -   ,0.0,0.0,0.0,2.0,9.0,40.0,70.0,15.0,0.0,0.0
516,         SAMHSA,,,,,,,,,,,,
517,         Other State and Local Programs**,,,,,,,,,,,,
518,         School Health,,,,,,,,,,,,
519,"Total CMS Programs (Medicaid, CHIP and Medicare)","14,348","22,850",26134.0,27967.0,32797.0,38303.0,40000.0,42521.0,46740.0,57572.0,68135.0,73787.0
520,Public Health Activity,"57,252","60,892",65969.0,71564.0,74167.0,75612.0,74294.0,77443.0,78301.0,79439.0,81709.0,82187.0
521,  Federal Funds,"9,169","9,513",9696.0,9880.0,11995.0,14185.0,10729.0,10846.0,10333.0,10838.0,11263.0,12134.0
522,  State/Local Funds,"48,083","51,378",56273.0,61684.0,62172.0,61428.0,63565.0,66597.0,67968.0,68601.0,70446.0,70053.0
523,Research,"40,319","41,163",42576.0,44278.0,45372.0,49212.0,49658.0,48448.0,46639.0,45888.0,46451.0,47670.0
524,     Private ,"3,300","3,588",3896.0,4198.0,4213.0,4463.0,4669.0,4795.0,4761.0,5041.0,5301.0,5466.0
525,     Federal Gov't,"32,425","32,800",33407.0,34323.0,35233.0,38837.0,39022.0,37774.0,35795.0,34512.0,34761.0,35557.0
526,     State and Local Gov't,"4,593","4,774",5274.0,5758.0,5925.0,5912.0,5967.0,5878.0,6083.0,6335.0,6389.0,6648.0
527,Total Structures and Equipment,"79,406","83,994",95818.0,103728.0,93592.0,93527.0,99813.0,104782.0,106505.0,103823.0,107247.0,109748.0
528,     Private ,"63,184","67,063",76514.0,82353.0,71798.0,71508.0,76276.0,81099.0,83593.0,80257.0,84125.0,86545.0
529,     Federal Gov't,"4,456","4,710",5144.0,6056.0,6973.0,7491.0,8447.0,8237.0,7735.0,7632.0,7600.0,7962.0
530,     State and Local Gov't,"11,766","12,221",14161.0,15319.0,14821.0,14528.0,15091.0,15446.0,15176.0,15935.0,15522.0,15241.0
531,     Structures,"36,136","40,735",46542.0,51675.0,46879.0,46104.0,47349.0,49533.0,50072.0,50334.0,49969.0,50475.0
532,         Private ,"30,465","35,277",39802.0,44584.0,39013.0,38130.0,38574.0,40596.0,41597.0,41788.0,42365.0,43475.0
533,         Federal Gov't,681,746,1014.0,944.0,1763.0,2127.0,2589.0,2620.0,2533.0,2348.0,2240.0,2233.0
534,         State and Local Gov't,"4,990","4,712",5726.0,6147.0,6103.0,5847.0,6186.0,6317.0,5942.0,6198.0,5364.0,4767.0
535,     Equipment,"43,270","43,259",49277.0,52053.0,46713.0,47423.0,52465.0,55249.0,56432.0,53490.0,57278.0,59273.0
536,          Private ,"32,719","31,786",36712.0,37769.0,32785.0,33378.0,37702.0,40503.0,41996.0,38469.0,41760.0,43070.0
537,          Federal Gov't,"3,775","3,964",4130.0,5112.0,5210.0,5364.0,5858.0,5617.0,5202.0,5284.0,5360.0,5729.0
538,          State and Local Gov't,"6,776","7,509",8435.0,9172.0,8718.0,8681.0,8905.0,9129.0,9234.0,9737.0,10158.0,10474.0
539,"* Other Federal Programs include OEO, Federal General and Medical, Federal General and Medical NEC, and High Risk Pools under ACA",,,,,,,,,,,,
540,** Other State and Local Programs include State and Local Subsidies and TDI,,,,,,,,,,,,
541,"SOURCE:  Centers for Medicare & Medicaid Services, Office of the Actuary, National Health Statistics Group.",,,,,,,,,,,,
